JobID,JobRun,DesiredYield,MaterialID,ScheduleIndex,ResinCode,MasterbatchCode,IMLCode,WorkOrderID,MachineID,LBLTYPE,PalletQty,MODE,LBLBARCODE,LBLITEMNUMB,LBLNAME,LBLNSN,IMLBARCODE,IMLBARCODELOC,LBLNATO,LBLJSD
SIM57799-C365M-HDWHIML-A528,2,17277,MaterialID_SIM_963,89,RVHDX0010_ResinCode_SIM,MGFMWH002_MasterbatchCode_SIM,IMLC171M-ADMIL-SIM6,WO_30002777,MC_SIM_042,TypeA_SIM,1659,3,LBLBARCODE_SIM_313411,LBLITEMNUMB_SIM_738,SimLabelName_H,NSN_SIM_983,IMLBARCODE_SIM_8136,T,NATO_SIM_748,JSD_SIM_680
SIM79273-C832M-HDWHIML-A619,2,26595,MaterialID_SIM_197,47,RVHDX0010_ResinCode_SIM,MGFMWH002_MasterbatchCode_SIM,IMLC930M-ADMIL-SIM7,WO_30006310,MC_SIM_042,TypeB_SIM,1681,1,LBLBARCODE_SIM_908591,LBLITEMNUMB_SIM_184,SimLabelName_O,NSN_SIM_915,IMLBARCODE_SIM_4072,B,NATO_SIM_123,JSD_SIM_140
SIM48920-C114M-HDWHIML-A548,2,67262,MaterialID_SIM_924,57,RVHDX0010_ResinCode_SIM,MGFMWH002_MasterbatchCode_SIM,IMLC260M-ADMIL-SIM5,WO_30008479,MC_SIM_042,TypeB_SIM,2022,1,LBLBARCODE_SIM_617419,LBLITEMNUMB_SIM_814,SimLabelName_O,NSN_SIM_75,IMLBARCODE_SIM_6426,B,NATO_SIM_683,JSD_SIM_70
SIM82497-C727M-HDWHIML-A614,3,9412,MaterialID_SIM_149,32,RVHDX0010_ResinCode_SIM,MGFMWH002_MasterbatchCode_SIM,IMLC359M-ADMIL-SIM1,WO_30003748,MC_SIM_042,TypeA_SIM,1935,1,LBLBARCODE_SIM_592475,LBLITEMNUMB_SIM_942,SimLabelName_S,NSN_SIM_957,IMLBARCODE_SIM_5593,N,NATO_SIM_930,JSD_SIM_869
SIM85707-C437M-HDWHIML-A409,4,51565,MaterialID_SIM_374,79,RVHDX0010_ResinCode_SIM,MGFMWH002_MasterbatchCode_SIM,IMLC556M-ADMIL-SIM3,WO_30007882,MC_SIM_042,TypeB_SIM,1885,1,LBLBARCODE_SIM_211344,LBLITEMNUMB_SIM_721,SimLabelName_A,NSN_SIM_743,IMLBARCODE_SIM_1080,T,NATO_SIM_609,JSD_SIM_403
SIM48318-C251M-HDWHIML-A689,5,38381,MaterialID_SIM_208,2,RVHDX0010_ResinCode_SIM,MGFMWH002_MasterbatchCode_SIM,IMLC798M-ADMIL-SIM1,WO_30006594,MC_SIM_042,TypeA_SIM,1205,1,LBLBARCODE_SIM_268677,LBLITEMNUMB_SIM_21,SimLabelName_B,NSN_SIM_621,IMLBARCODE_SIM_9963,N,NATO_SIM_343,JSD_SIM_163
SIM15052-C922M-HDWHIML-A860,3,69533,MaterialID_SIM_765,66,RVHDX0010_ResinCode_SIM,MGFMWH002_MasterbatchCode_SIM,IMLC311M-ADMIL-SIM8,WO_30006083,MC_SIM_042,TypeB_SIM,1246,1,LBLBARCODE_SIM_487000,LBLITEMNUMB_SIM_736,SimLabelName_G,NSN_SIM_888,IMLBARCODE_SIM_7761,T,NATO_SIM_759,JSD_SIM_969
SIM95093-C806M-HDWHIML-A525,3,68660,MaterialID_SIM_385,37,RVHDX0010_ResinCode_SIM,MGFMWH002_MasterbatchCode_SIM,IMLC559M-ADMIL-SIM1,WO_30009983,MC_SIM_042,TypeA_SIM,2222,3,LBLBARCODE_SIM_616501,LBLITEMNUMB_SIM_552,SimLabelName_U,NSN_SIM_472,IMLBARCODE_SIM_6220,T,NATO_SIM_255,JSD_SIM_259
SIM31637-C890M-HDWHIML-A699,1,5173,MaterialID_SIM_189,66,RVHDX0010_ResinCode_SIM,MGFMWH002_MasterbatchCode_SIM,IMLC561M-ADMIL-SIM9,WO_30005871,MC_SIM_042,TypeB_SIM,1792,1,LBLBARCODE_SIM_261551,LBLITEMNUMB_SIM_405,SimLabelName_I,NSN_SIM_61,IMLBARCODE_SIM_6936,B,NATO_SIM_466,JSD_SIM_177
SIM1608-C842M-HDWHIML-A789,1,48951,MaterialID_SIM_238,58,RVHDX0010_ResinCode_SIM,MGFMWH002_MasterbatchCode_SIM,IMLC470M-ADMIL-SIM7,WO_30001941,MC_SIM_042,TypeB_SIM,1254,1,LBLBARCODE_SIM_896663,LBLITEMNUMB_SIM_549,SimLabelName_L,NSN_SIM_983,IMLBARCODE_SIM_4089,N,NATO_SIM_912,JSD_SIM_241
SIM8658-C785M-HDWHIML-A284,2,64350,MaterialID_SIM_442,86,RVHDX0010_ResinCode_SIM,MGFMWH002_MasterbatchCode_SIM,IMLC311M-ADMIL-SIM2,WO_30005895,MC_SIM_042,TypeB_SIM,2322,3,LBLBARCODE_SIM_592183,LBLITEMNUMB_SIM_908,SimLabelName_V,NSN_SIM_90,IMLBARCODE_SIM_1821,N,NATO_SIM_227,JSD_SIM_930
SIM53428-C511M-HDWHIML-A654,3,26714,MaterialID_SIM_292,69,RVHDX0010_ResinCode_SIM,MGFMWH002_MasterbatchCode_SIM,IMLC693M-ADMIL-SIM2,WO_30005144,MC_SIM_042,TypeA_SIM,1551,1,LBLBARCODE_SIM_348452,LBLITEMNUMB_SIM_755,SimLabelName_P,NSN_SIM_423,IMLBARCODE_SIM_8357,N,NATO_SIM_813,JSD_SIM_760
SIM99264-C552M-HDWHIML-A288,4,95858,MaterialID_SIM_398,22,RVHDX0010_ResinCode_SIM,MGFMWH002_MasterbatchCode_SIM,IMLC694M-ADMIL-SIM8,WO_30007805,MC_SIM_042,TypeA_SIM,1874,1,LBLBARCODE_SIM_911548,LBLITEMNUMB_SIM_891,SimLabelName_E,NSN_SIM_844,IMLBARCODE_SIM_4221,N,NATO_SIM_309,JSD_SIM_578
SIM56353-C381M-HDWHIML-A464,1,19464,MaterialID_SIM_455,26,RVHDX0010_ResinCode_SIM,MGFMWH002_MasterbatchCode_SIM,IMLC108M-ADMIL-SIM0,WO_30002692,MC_SIM_042,TypeB_SIM,1832,3,LBLBARCODE_SIM_684330,LBLITEMNUMB_SIM_245,SimLabelName_O,NSN_SIM_230,IMLBARCODE_SIM_8228,B,NATO_SIM_317,JSD_SIM_575
SIM59862-C328M-HDWHIML-A429,4,18949,MaterialID_SIM_141,19,RVHDX0010_ResinCode_SIM,MGFMWH002_MasterbatchCode_SIM,IMLC507M-ADMIL-SIM6,WO_30005644,MC_SIM_042,TypeA_SIM,1778,3,LBLBARCODE_SIM_36068,LBLITEMNUMB_SIM_533,SimLabelName_E,NSN_SIM_993,IMLBARCODE_SIM_7766,B,NATO_SIM_18,JSD_SIM_433
SIM85487-C841M-HDWHIML-A146,3,62639,MaterialID_SIM_709,97,RVHDX0010_ResinCode_SIM,MGFMWH002_MasterbatchCode_SIM,IMLC228M-ADMIL-SIM0,WO_30002419,MC_SIM_042,TypeB_SIM,1404,1,LBLBARCODE_SIM_283772,LBLITEMNUMB_SIM_35,SimLabelName_N,NSN_SIM_24,IMLBARCODE_SIM_1668,B,NATO_SIM_758,JSD_SIM_566
SIM5601-C745M-HDWHIML-A606,1,10151,MaterialID_SIM_952,72,RVHDX0010_ResinCode_SIM,MGFMWH002_MasterbatchCode_SIM,IMLC989M-ADMIL-SIM9,WO_30008725,MC_SIM_042,TypeA_SIM,1788,2,LBLBARCODE_SIM_862048,LBLITEMNUMB_SIM_150,SimLabelName_S,NSN_SIM_992,IMLBARCODE_SIM_5652,B,NATO_SIM_721,JSD_SIM_184
SIM9367-C110M-HDWHIML-A957,4,68738,MaterialID_SIM_552,39,RVHDX0010_ResinCode_SIM,MGFMWH002_MasterbatchCode_SIM,IMLC474M-ADMIL-SIM9,WO_30003373,MC_SIM_042,TypeB_SIM,1906,2,LBLBARCODE_SIM_235889,LBLITEMNUMB_SIM_452,SimLabelName_J,NSN_SIM_959,IMLBARCODE_SIM_3158,B,NATO_SIM_406,JSD_SIM_844
SIM33939-C925M-HDWHIML-A560,4,95943,MaterialID_SIM_927,27,RVHDX0010_ResinCode_SIM,MGFMWH002_MasterbatchCode_SIM,IMLC399M-ADMIL-SIM7,WO_30005827,MC_SIM_042,TypeA_SIM,2296,1,LBLBARCODE_SIM_166295,LBLITEMNUMB_SIM_177,SimLabelName_S,NSN_SIM_136,IMLBARCODE_SIM_2051,B,NATO_SIM_667,JSD_SIM_458
SIM10006-C475M-HDWHIML-A932,5,28053,MaterialID_SIM_863,49,RVHDX0010_ResinCode_SIM,MGFMWH002_MasterbatchCode_SIM,IMLC772M-ADMIL-SIM9,WO_30005243,MC_SIM_042,TypeA_SIM,1457,1,LBLBARCODE_SIM_773492,LBLITEMNUMB_SIM_520,SimLabelName_H,NSN_SIM_202,IMLBARCODE_SIM_7334,T,NATO_SIM_75,JSD_SIM_660
SIM42606-C387M-HDWHIML-A825,5,5611,MaterialID_SIM_131,11,RVHDX0010_ResinCode_SIM,MGFMWH002_MasterbatchCode_SIM,IMLC667M-ADMIL-SIM4,WO_30003901,MC_SIM_042,TypeB_SIM,1700,3,LBLBARCODE_SIM_795925,LBLITEMNUMB_SIM_637,SimLabelName_E,NSN_SIM_622,IMLBARCODE_SIM_2896,B,NATO_SIM_160,JSD_SIM_722
SIM24376-C978M-HDWHIML-A219,2,2980,MaterialID_SIM_422,4,RVHDX0010_ResinCode_SIM,MGFMWH002_MasterbatchCode_SIM,IMLC783M-ADMIL-SIM4,WO_30001273,MC_SIM_042,TypeB_SIM,1077,1,LBLBARCODE_SIM_178188,LBLITEMNUMB_SIM_801,SimLabelName_R,NSN_SIM_963,IMLBARCODE_SIM_8850,T,NATO_SIM_88,JSD_SIM_851
SIM48743-C938M-HDWHIML-A484,5,55531,MaterialID_SIM_105,72,RVHDX0010_ResinCode_SIM,MGFMWH002_MasterbatchCode_SIM,IMLC437M-ADMIL-SIM8,WO_30003440,MC_SIM_042,TypeB_SIM,1615,2,LBLBARCODE_SIM_741325,LBLITEMNUMB_SIM_95,SimLabelName_Q,NSN_SIM_584,IMLBARCODE_SIM_7310,N,NATO_SIM_137,JSD_SIM_619
SIM48910-C500M-HDWHIML-A192,4,32062,MaterialID_SIM_406,88,RVHDX0010_ResinCode_SIM,MGFMWH002_MasterbatchCode_SIM,IMLC406M-ADMIL-SIM6,WO_30004485,MC_SIM_042,TypeB_SIM,1756,1,LBLBARCODE_SIM_930964,LBLITEMNUMB_SIM_127,SimLabelName_J,NSN_SIM_419,IMLBARCODE_SIM_1850,N,NATO_SIM_225,JSD_SIM_261
SIM84638-C563M-HDWHIML-A373,3,97193,MaterialID_SIM_577,92,RVHDX0010_ResinCode_SIM,MGFMWH002_MasterbatchCode_SIM,IMLC955M-ADMIL-SIM4,WO_30005994,MC_SIM_042,TypeA_SIM,1636,2,LBLBARCODE_SIM_884966,LBLITEMNUMB_SIM_801,SimLabelName_N,NSN_SIM_710,IMLBARCODE_SIM_9641,T,NATO_SIM_593,JSD_SIM_123
SIM46020-C471M-HDWHIML-A454,5,48551,MaterialID_SIM_491,11,RVHDX0010_ResinCode_SIM,MGFMWH002_MasterbatchCode_SIM,IMLC899M-ADMIL-SIM5,WO_30002473,MC_SIM_042,TypeA_SIM,1734,3,LBLBARCODE_SIM_666791,LBLITEMNUMB_SIM_535,SimLabelName_S,NSN_SIM_38,IMLBARCODE_SIM_5271,T,NATO_SIM_236,JSD_SIM_8
SIM41857-C843M-HDWHIML-A377,2,22305,MaterialID_SIM_402,57,RVHDX0010_ResinCode_SIM,MGFMWH002_MasterbatchCode_SIM,IMLC658M-ADMIL-SIM0,WO_30001658,MC_SIM_042,TypeA_SIM,1768,2,LBLBARCODE_SIM_100928,LBLITEMNUMB_SIM_462,SimLabelName_X,NSN_SIM_443,IMLBARCODE_SIM_1067,B,NATO_SIM_85,JSD_SIM_426
SIM24654-C781M-HDWHIML-A649,3,84777,MaterialID_SIM_555,47,RVHDX0010_ResinCode_SIM,MGFMWH002_MasterbatchCode_SIM,IMLC990M-ADMIL-SIM4,WO_30005548,MC_SIM_042,TypeB_SIM,1846,1,LBLBARCODE_SIM_668439,LBLITEMNUMB_SIM_421,SimLabelName_V,NSN_SIM_48,IMLBARCODE_SIM_4168,N,NATO_SIM_715,JSD_SIM_521
SIM99256-C686M-HDWHIML-A388,2,4979,MaterialID_SIM_333,95,RVHDX0010_ResinCode_SIM,MGFMWH002_MasterbatchCode_SIM,IMLC469M-ADMIL-SIM0,WO_30002483,MC_SIM_042,TypeA_SIM,1866,3,LBLBARCODE_SIM_712767,LBLITEMNUMB_SIM_748,SimLabelName_N,NSN_SIM_203,IMLBARCODE_SIM_4843,B,NATO_SIM_117,JSD_SIM_984
SIM25779-C350M-HDWHIML-A951,1,58528,MaterialID_SIM_789,21,RVHDX0010_ResinCode_SIM,MGFMWH002_MasterbatchCode_SIM,IMLC944M-ADMIL-SIM5,WO_30004053,MC_SIM_042,TypeB_SIM,1273,1,LBLBARCODE_SIM_440288,LBLITEMNUMB_SIM_34,SimLabelName_G,NSN_SIM_957,IMLBARCODE_SIM_9795,N,NATO_SIM_780,JSD_SIM_529
SIM69814-C582M-HDWHIML-A549,3,29076,MaterialID_SIM_887,46,RVHDX0010_ResinCode_SIM,MGFMWH002_MasterbatchCode_SIM,IMLC927M-ADMIL-SIM0,WO_30003125,MC_SIM_042,TypeB_SIM,1064,2,LBLBARCODE_SIM_890350,LBLITEMNUMB_SIM_984,SimLabelName_J,NSN_SIM_21,IMLBARCODE_SIM_9891,B,NATO_SIM_597,JSD_SIM_311
SIM55727-C855M-HDWHIML-A320,1,33206,MaterialID_SIM_215,34,RVHDX0010_ResinCode_SIM,MGFMWH002_MasterbatchCode_SIM,IMLC462M-ADMIL-SIM1,WO_30006546,MC_SIM_042,TypeB_SIM,2101,2,LBLBARCODE_SIM_299355,LBLITEMNUMB_SIM_668,SimLabelName_E,NSN_SIM_434,IMLBARCODE_SIM_9427,T,NATO_SIM_548,JSD_SIM_694
SIM47515-C691M-HDWHIML-A569,4,57721,MaterialID_SIM_514,73,RVHDX0010_ResinCode_SIM,MGFMWH002_MasterbatchCode_SIM,IMLC569M-ADMIL-SIM6,WO_30003198,MC_SIM_042,TypeA_SIM,2194,2,LBLBARCODE_SIM_80043,LBLITEMNUMB_SIM_656,SimLabelName_U,NSN_SIM_673,IMLBARCODE_SIM_6788,T,NATO_SIM_187,JSD_SIM_689
SIM78098-C338M-HDWHIML-A584,3,76607,MaterialID_SIM_503,80,RVHDX0010_ResinCode_SIM,MGFMWH002_MasterbatchCode_SIM,IMLC452M-ADMIL-SIM7,WO_30006535,MC_SIM_042,TypeB_SIM,1811,1,LBLBARCODE_SIM_782677,LBLITEMNUMB_SIM_516,SimLabelName_B,NSN_SIM_708,IMLBARCODE_SIM_6197,T,NATO_SIM_888,JSD_SIM_753
SIM45043-C231M-HDWHIML-A533,4,27556,MaterialID_SIM_154,37,RVHDX0010_ResinCode_SIM,MGFMWH002_MasterbatchCode_SIM,IMLC591M-ADMIL-SIM8,WO_30008254,MC_SIM_042,TypeB_SIM,1468,3,LBLBARCODE_SIM_425744,LBLITEMNUMB_SIM_969,SimLabelName_C,NSN_SIM_792,IMLBARCODE_SIM_7902,N,NATO_SIM_294,JSD_SIM_966
SIM92034-C961M-HDWHIML-A163,1,19252,MaterialID_SIM_817,65,RVHDX0010_ResinCode_SIM,MGFMWH002_MasterbatchCode_SIM,IMLC812M-ADMIL-SIM9,WO_30007824,MC_SIM_042,TypeA_SIM,1661,2,LBLBARCODE_SIM_885161,LBLITEMNUMB_SIM_318,SimLabelName_V,NSN_SIM_673,IMLBARCODE_SIM_1760,N,NATO_SIM_738,JSD_SIM_504
SIM16846-C142M-HDWHIML-A714,2,88605,MaterialID_SIM_611,31,RVHDX0010_ResinCode_SIM,MGFMWH002_MasterbatchCode_SIM,IMLC807M-ADMIL-SIM9,WO_30003705,MC_SIM_042,TypeA_SIM,2091,2,LBLBARCODE_SIM_757052,LBLITEMNUMB_SIM_206,SimLabelName_N,NSN_SIM_834,IMLBARCODE_SIM_1278,N,NATO_SIM_838,JSD_SIM_951
SIM34902-C744M-HDWHIML-A121,4,35849,MaterialID_SIM_498,99,RVHDX0010_ResinCode_SIM,MGFMWH002_MasterbatchCode_SIM,IMLC424M-ADMIL-SIM9,WO_30006011,MC_SIM_042,TypeA_SIM,1682,1,LBLBARCODE_SIM_825060,LBLITEMNUMB_SIM_160,SimLabelName_A,NSN_SIM_150,IMLBARCODE_SIM_8245,T,NATO_SIM_316,JSD_SIM_626
SIM33213-C231M-HDWHIML-A463,5,26025,MaterialID_SIM_111,39,RVHDX0010_ResinCode_SIM,MGFMWH002_MasterbatchCode_SIM,IMLC334M-ADMIL-SIM6,WO_30002562,MC_SIM_042,TypeA_SIM,2190,1,LBLBARCODE_SIM_666038,LBLITEMNUMB_SIM_271,SimLabelName_J,NSN_SIM_133,IMLBARCODE_SIM_6141,B,NATO_SIM_221,JSD_SIM_698
SIM60651-C383M-HDWHIML-A393,5,14417,MaterialID_SIM_479,5,RVHDX0010_ResinCode_SIM,MGFMWH002_MasterbatchCode_SIM,IMLC354M-ADMIL-SIM3,WO_30008433,MC_SIM_042,TypeB_SIM,1755,3,LBLBARCODE_SIM_735949,LBLITEMNUMB_SIM_688,SimLabelName_O,NSN_SIM_917,IMLBARCODE_SIM_2719,T,NATO_SIM_266,JSD_SIM_666
SIM83866-C897M-HDWHIML-A860,1,20269,MaterialID_SIM_997,39,RVHDX0010_ResinCode_SIM,MGFMWH002_MasterbatchCode_SIM,IMLC973M-ADMIL-SIM1,WO_30003644,MC_SIM_042,TypeA_SIM,1333,3,LBLBARCODE_SIM_988756,LBLITEMNUMB_SIM_501,SimLabelName_B,NSN_SIM_527,IMLBARCODE_SIM_2238,B,NATO_SIM_693,JSD_SIM_660
SIM10580-C423M-HDWHIML-A436,4,39890,MaterialID_SIM_450,7,RVHDX0010_ResinCode_SIM,MGFMWH002_MasterbatchCode_SIM,IMLC960M-ADMIL-SIM1,WO_30007674,MC_SIM_042,TypeA_SIM,1114,1,LBLBARCODE_SIM_967492,LBLITEMNUMB_SIM_749,SimLabelName_N,NSN_SIM_726,IMLBARCODE_SIM_5079,T,NATO_SIM_705,JSD_SIM_651
SIM86079-C790M-HDWHIML-A271,5,33499,MaterialID_SIM_927,9,RVHDX0010_ResinCode_SIM,MGFMWH002_MasterbatchCode_SIM,IMLC821M-ADMIL-SIM2,WO_30003206,MC_SIM_042,TypeB_SIM,1805,2,LBLBARCODE_SIM_972168,LBLITEMNUMB_SIM_778,SimLabelName_P,NSN_SIM_357,IMLBARCODE_SIM_1720,T,NATO_SIM_312,JSD_SIM_376
SIM62409-C232M-HDWHIML-A273,1,33477,MaterialID_SIM_312,97,RVHDX0010_ResinCode_SIM,MGFMWH002_MasterbatchCode_SIM,IMLC425M-ADMIL-SIM3,WO_30004363,MC_SIM_042,TypeA_SIM,1649,2,LBLBARCODE_SIM_897897,LBLITEMNUMB_SIM_102,SimLabelName_I,NSN_SIM_79,IMLBARCODE_SIM_9338,T,NATO_SIM_95,JSD_SIM_599
SIM34165-C521M-HDWHIML-A412,3,52329,MaterialID_SIM_622,6,RVHDX0010_ResinCode_SIM,MGFMWH002_MasterbatchCode_SIM,IMLC882M-ADMIL-SIM0,WO_30008621,MC_SIM_042,TypeB_SIM,1701,2,LBLBARCODE_SIM_208324,LBLITEMNUMB_SIM_509,SimLabelName_V,NSN_SIM_921,IMLBARCODE_SIM_3358,B,NATO_SIM_800,JSD_SIM_721
SIM1887-C629M-HDWHIML-A931,2,28770,MaterialID_SIM_290,42,RVHDX0010_ResinCode_SIM,MGFMWH002_MasterbatchCode_SIM,IMLC467M-ADMIL-SIM7,WO_30007736,MC_SIM_042,TypeA_SIM,1521,2,LBLBARCODE_SIM_534072,LBLITEMNUMB_SIM_263,SimLabelName_Q,NSN_SIM_362,IMLBARCODE_SIM_2820,B,NATO_SIM_983,JSD_SIM_959
SIM51287-C556M-HDWHIML-A763,3,76324,MaterialID_SIM_486,47,RVHDX0010_ResinCode_SIM,MGFMWH002_MasterbatchCode_SIM,IMLC971M-ADMIL-SIM8,WO_30005196,MC_SIM_042,TypeB_SIM,2086,3,LBLBARCODE_SIM_953555,LBLITEMNUMB_SIM_95,SimLabelName_D,NSN_SIM_374,IMLBARCODE_SIM_3395,T,NATO_SIM_621,JSD_SIM_1000
SIM97752-C228M-HDWHIML-A975,2,47489,MaterialID_SIM_787,54,RVHDX0010_ResinCode_SIM,MGFMWH002_MasterbatchCode_SIM,IMLC571M-ADMIL-SIM5,WO_30003792,MC_SIM_042,TypeA_SIM,1090,1,LBLBARCODE_SIM_97296,LBLITEMNUMB_SIM_875,SimLabelName_C,NSN_SIM_407,IMLBARCODE_SIM_1865,B,NATO_SIM_867,JSD_SIM_507
SIM26244-C620M-HDWHIML-A515,4,32126,MaterialID_SIM_652,2,RVHDX0010_ResinCode_SIM,MGFMWH002_MasterbatchCode_SIM,IMLC309M-ADMIL-SIM9,WO_30006609,MC_SIM_042,TypeA_SIM,1237,2,LBLBARCODE_SIM_984334,LBLITEMNUMB_SIM_409,SimLabelName_X,NSN_SIM_566,IMLBARCODE_SIM_2561,T,NATO_SIM_360,JSD_SIM_463
SIM10897-C104M-HDWHIML-A341,3,2974,MaterialID_SIM_628,5,RVHDX0010_ResinCode_SIM,MGFMWH002_MasterbatchCode_SIM,IMLC241M-ADMIL-SIM2,WO_30005778,MC_SIM_042,TypeA_SIM,1069,2,LBLBARCODE_SIM_273049,LBLITEMNUMB_SIM_614,SimLabelName_J,NSN_SIM_258,IMLBARCODE_SIM_7306,N,NATO_SIM_640,JSD_SIM_866
SIM70445-C598M-HDWHIML-A182,4,18552,MaterialID_SIM_765,21,RVHDX0010_ResinCode_SIM,MGFMWH002_MasterbatchCode_SIM,IMLC388M-ADMIL-SIM0,WO_30004546,MC_SIM_042,TypeA_SIM,1099,2,LBLBARCODE_SIM_88147,LBLITEMNUMB_SIM_593,SimLabelName_B,NSN_SIM_642,IMLBARCODE_SIM_9605,B,NATO_SIM_554,JSD_SIM_341
SIM64050-C729M-HDWHIML-A594,5,37807,MaterialID_SIM_412,31,RVHDX0010_ResinCode_SIM,MGFMWH002_MasterbatchCode_SIM,IMLC155M-ADMIL-SIM6,WO_30009095,MC_SIM_042,TypeB_SIM,1377,2,LBLBARCODE_SIM_578247,LBLITEMNUMB_SIM_385,SimLabelName_C,NSN_SIM_247,IMLBARCODE_SIM_4382,B,NATO_SIM_44,JSD_SIM_153
SIM69489-C856M-HDWHIML-A894,5,17305,MaterialID_SIM_855,34,RVHDX0010_ResinCode_SIM,MGFMWH002_MasterbatchCode_SIM,IMLC781M-ADMIL-SIM0,WO_30001561,MC_SIM_042,TypeB_SIM,2359,3,LBLBARCODE_SIM_369462,LBLITEMNUMB_SIM_371,SimLabelName_O,NSN_SIM_233,IMLBARCODE_SIM_7008,N,NATO_SIM_383,JSD_SIM_160
SIM94341-C634M-HDWHIML-A450,4,39357,MaterialID_SIM_170,58,RVHDX0010_ResinCode_SIM,MGFMWH002_MasterbatchCode_SIM,IMLC988M-ADMIL-SIM7,WO_30009339,MC_SIM_042,TypeA_SIM,1046,2,LBLBARCODE_SIM_476254,LBLITEMNUMB_SIM_884,SimLabelName_U,NSN_SIM_129,IMLBARCODE_SIM_3230,B,NATO_SIM_578,JSD_SIM_797
SIM24397-C566M-HDWHIML-A478,4,1775,MaterialID_SIM_524,49,RVHDX0010_ResinCode_SIM,MGFMWH002_MasterbatchCode_SIM,IMLC396M-ADMIL-SIM1,WO_30003247,MC_SIM_042,TypeB_SIM,2222,2,LBLBARCODE_SIM_583565,LBLITEMNUMB_SIM_263,SimLabelName_A,NSN_SIM_274,IMLBARCODE_SIM_4067,N,NATO_SIM_523,JSD_SIM_235
SIM79377-C551M-HDWHIML-A323,4,39517,MaterialID_SIM_265,75,RVHDX0010_ResinCode_SIM,MGFMWH002_MasterbatchCode_SIM,IMLC787M-ADMIL-SIM9,WO_30002445,MC_SIM_042,TypeB_SIM,1851,2,LBLBARCODE_SIM_414415,LBLITEMNUMB_SIM_157,SimLabelName_F,NSN_SIM_475,IMLBARCODE_SIM_7274,B,NATO_SIM_721,JSD_SIM_744
SIM35037-C219M-HDWHIML-A199,1,68759,MaterialID_SIM_412,44,RVHDX0010_ResinCode_SIM,MGFMWH002_MasterbatchCode_SIM,IMLC695M-ADMIL-SIM5,WO_30001667,MC_SIM_042,TypeA_SIM,1749,1,LBLBARCODE_SIM_159710,LBLITEMNUMB_SIM_795,SimLabelName_N,NSN_SIM_299,IMLBARCODE_SIM_3576,B,NATO_SIM_24,JSD_SIM_202
SIM30299-C138M-HDWHIML-A554,4,6043,MaterialID_SIM_990,11,RVHDX0010_ResinCode_SIM,MGFMWH002_MasterbatchCode_SIM,IMLC156M-ADMIL-SIM7,WO_30001453,MC_SIM_042,TypeA_SIM,1362,1,LBLBARCODE_SIM_379120,LBLITEMNUMB_SIM_479,SimLabelName_W,NSN_SIM_169,IMLBARCODE_SIM_2032,T,NATO_SIM_572,JSD_SIM_678
SIM42628-C547M-HDWHIML-A274,5,47228,MaterialID_SIM_938,48,RVHDX0010_ResinCode_SIM,MGFMWH002_MasterbatchCode_SIM,IMLC978M-ADMIL-SIM8,WO_30003049,MC_SIM_042,TypeB_SIM,1913,1,LBLBARCODE_SIM_581965,LBLITEMNUMB_SIM_865,SimLabelName_V,NSN_SIM_444,IMLBARCODE_SIM_2860,T,NATO_SIM_334,JSD_SIM_365
SIM48000-C944M-HDWHIML-A102,1,85480,MaterialID_SIM_530,15,RVHDX0010_ResinCode_SIM,MGFMWH002_MasterbatchCode_SIM,IMLC853M-ADMIL-SIM0,WO_30004764,MC_SIM_042,TypeA_SIM,2280,1,LBLBARCODE_SIM_877717,LBLITEMNUMB_SIM_279,SimLabelName_U,NSN_SIM_325,IMLBARCODE_SIM_1944,B,NATO_SIM_669,JSD_SIM_103
SIM41083-C384M-HDWHIML-A572,4,27316,MaterialID_SIM_534,41,RVHDX0010_ResinCode_SIM,MGFMWH002_MasterbatchCode_SIM,IMLC318M-ADMIL-SIM2,WO_30001756,MC_SIM_042,TypeA_SIM,1072,1,LBLBARCODE_SIM_11662,LBLITEMNUMB_SIM_391,SimLabelName_Y,NSN_SIM_220,IMLBARCODE_SIM_9604,B,NATO_SIM_120,JSD_SIM_735
SIM53413-C664M-HDWHIML-A765,4,38655,MaterialID_SIM_134,54,RVHDX0010_ResinCode_SIM,MGFMWH002_MasterbatchCode_SIM,IMLC613M-ADMIL-SIM7,WO_30005156,MC_SIM_042,TypeB_SIM,2280,3,LBLBARCODE_SIM_776402,LBLITEMNUMB_SIM_482,SimLabelName_I,NSN_SIM_622,IMLBARCODE_SIM_1428,B,NATO_SIM_247,JSD_SIM_934
SIM105-C242M-HDWHIML-A578,5,55182,MaterialID_SIM_215,52,RVHDX0010_ResinCode_SIM,MGFMWH002_MasterbatchCode_SIM,IMLC687M-ADMIL-SIM8,WO_30007224,MC_SIM_042,TypeB_SIM,2085,2,LBLBARCODE_SIM_731651,LBLITEMNUMB_SIM_895,SimLabelName_X,NSN_SIM_803,IMLBARCODE_SIM_8667,T,NATO_SIM_949,JSD_SIM_608
SIM1987-C109M-HDWHIML-A176,2,85178,MaterialID_SIM_138,70,RVHDX0010_ResinCode_SIM,MGFMWH002_MasterbatchCode_SIM,IMLC624M-ADMIL-SIM3,WO_30005180,MC_SIM_042,TypeA_SIM,1766,3,LBLBARCODE_SIM_150862,LBLITEMNUMB_SIM_997,SimLabelName_G,NSN_SIM_816,IMLBARCODE_SIM_8618,T,NATO_SIM_575,JSD_SIM_656
SIM37399-C740M-HDWHIML-A755,1,79940,MaterialID_SIM_141,76,RVHDX0010_ResinCode_SIM,MGFMWH002_MasterbatchCode_SIM,IMLC748M-ADMIL-SIM1,WO_30003779,MC_SIM_042,TypeA_SIM,1604,3,LBLBARCODE_SIM_438784,LBLITEMNUMB_SIM_866,SimLabelName_S,NSN_SIM_679,IMLBARCODE_SIM_4749,T,NATO_SIM_690,JSD_SIM_224
SIM63735-C406M-HDWHIML-A439,1,5843,MaterialID_SIM_465,86,RVHDX0010_ResinCode_SIM,MGFMWH002_MasterbatchCode_SIM,IMLC605M-ADMIL-SIM0,WO_30001469,MC_SIM_042,TypeB_SIM,1533,2,LBLBARCODE_SIM_511353,LBLITEMNUMB_SIM_24,SimLabelName_M,NSN_SIM_331,IMLBARCODE_SIM_2687,N,NATO_SIM_340,JSD_SIM_155
SIM84956-C301M-HDWHIML-A349,2,99020,MaterialID_SIM_256,16,RVHDX0010_ResinCode_SIM,MGFMWH002_MasterbatchCode_SIM,IMLC248M-ADMIL-SIM7,WO_30006278,MC_SIM_042,TypeB_SIM,1552,2,LBLBARCODE_SIM_244202,LBLITEMNUMB_SIM_150,SimLabelName_E,NSN_SIM_316,IMLBARCODE_SIM_1565,B,NATO_SIM_762,JSD_SIM_703
SIM71652-C662M-HDWHIML-A541,2,39406,MaterialID_SIM_474,10,RVHDX0010_ResinCode_SIM,MGFMWH002_MasterbatchCode_SIM,IMLC359M-ADMIL-SIM3,WO_30004097,MC_SIM_042,TypeA_SIM,1252,1,LBLBARCODE_SIM_518270,LBLITEMNUMB_SIM_833,SimLabelName_F,NSN_SIM_363,IMLBARCODE_SIM_2300,B,NATO_SIM_918,JSD_SIM_189
SIM50024-C679M-HDWHIML-A246,3,73475,MaterialID_SIM_971,87,RVHDX0010_ResinCode_SIM,MGFMWH002_MasterbatchCode_SIM,IMLC876M-ADMIL-SIM2,WO_30003620,MC_SIM_042,TypeA_SIM,1827,2,LBLBARCODE_SIM_11918,LBLITEMNUMB_SIM_555,SimLabelName_J,NSN_SIM_225,IMLBARCODE_SIM_4234,N,NATO_SIM_543,JSD_SIM_990
SIM51816-C953M-HDWHIML-A800,4,27012,MaterialID_SIM_186,4,RVHDX0010_ResinCode_SIM,MGFMWH002_MasterbatchCode_SIM,IMLC755M-ADMIL-SIM7,WO_30006302,MC_SIM_042,TypeB_SIM,1515,3,LBLBARCODE_SIM_386501,LBLITEMNUMB_SIM_307,SimLabelName_V,NSN_SIM_31,IMLBARCODE_SIM_2926,N,NATO_SIM_18,JSD_SIM_43
SIM89895-C332M-HDWHIML-A816,1,12953,MaterialID_SIM_345,19,RVHDX0010_ResinCode_SIM,MGFMWH002_MasterbatchCode_SIM,IMLC608M-ADMIL-SIM3,WO_30009255,MC_SIM_042,TypeA_SIM,1770,2,LBLBARCODE_SIM_796905,LBLITEMNUMB_SIM_716,SimLabelName_N,NSN_SIM_692,IMLBARCODE_SIM_2667,B,NATO_SIM_75,JSD_SIM_386
SIM66255-C724M-HDWHIML-A566,2,88568,MaterialID_SIM_999,69,RVHDX0010_ResinCode_SIM,MGFMWH002_MasterbatchCode_SIM,IMLC354M-ADMIL-SIM9,WO_30007025,MC_SIM_042,TypeB_SIM,1217,2,LBLBARCODE_SIM_995669,LBLITEMNUMB_SIM_688,SimLabelName_V,NSN_SIM_430,IMLBARCODE_SIM_5694,N,NATO_SIM_433,JSD_SIM_995
SIM28173-C390M-HDWHIML-A996,1,83568,MaterialID_SIM_314,70,RVHDX0010_ResinCode_SIM,MGFMWH002_MasterbatchCode_SIM,IMLC374M-ADMIL-SIM7,WO_30006092,MC_SIM_042,TypeA_SIM,2326,2,LBLBARCODE_SIM_267188,LBLITEMNUMB_SIM_924,SimLabelName_H,NSN_SIM_288,IMLBARCODE_SIM_1960,T,NATO_SIM_530,JSD_SIM_870
SIM30454-C976M-HDWHIML-A522,2,96926,MaterialID_SIM_296,85,RVHDX0010_ResinCode_SIM,MGFMWH002_MasterbatchCode_SIM,IMLC765M-ADMIL-SIM0,WO_30009611,MC_SIM_042,TypeB_SIM,2226,2,LBLBARCODE_SIM_798274,LBLITEMNUMB_SIM_827,SimLabelName_D,NSN_SIM_743,IMLBARCODE_SIM_1326,B,NATO_SIM_454,JSD_SIM_98
SIM91-C555M-HDWHIML-A133,1,10519,MaterialID_SIM_793,25,RVHDX0010_ResinCode_SIM,MGFMWH002_MasterbatchCode_SIM,IMLC298M-ADMIL-SIM9,WO_30008702,MC_SIM_042,TypeA_SIM,1011,3,LBLBARCODE_SIM_627844,LBLITEMNUMB_SIM_673,SimLabelName_O,NSN_SIM_924,IMLBARCODE_SIM_5616,T,NATO_SIM_968,JSD_SIM_439
SIM64581-C506M-HDWHIML-A211,2,74275,MaterialID_SIM_888,68,RVHDX0010_ResinCode_SIM,MGFMWH002_MasterbatchCode_SIM,IMLC299M-ADMIL-SIM2,WO_30008758,MC_SIM_042,TypeA_SIM,1862,3,LBLBARCODE_SIM_141068,LBLITEMNUMB_SIM_704,SimLabelName_L,NSN_SIM_483,IMLBARCODE_SIM_1399,B,NATO_SIM_864,JSD_SIM_153
SIM82733-C185M-HDWHIML-A557,5,57263,MaterialID_SIM_845,19,RVHDX0010_ResinCode_SIM,MGFMWH002_MasterbatchCode_SIM,IMLC924M-ADMIL-SIM4,WO_30008220,MC_SIM_042,TypeB_SIM,1534,3,LBLBARCODE_SIM_767951,LBLITEMNUMB_SIM_283,SimLabelName_V,NSN_SIM_409,IMLBARCODE_SIM_7060,N,NATO_SIM_225,JSD_SIM_469
SIM47466-C826M-HDWHIML-A572,1,10710,MaterialID_SIM_699,40,RVHDX0010_ResinCode_SIM,MGFMWH002_MasterbatchCode_SIM,IMLC604M-ADMIL-SIM4,WO_30001794,MC_SIM_042,TypeA_SIM,1027,2,LBLBARCODE_SIM_560655,LBLITEMNUMB_SIM_628,SimLabelName_K,NSN_SIM_656,IMLBARCODE_SIM_1805,T,NATO_SIM_335,JSD_SIM_998
SIM66443-C914M-HDWHIML-A344,4,45461,MaterialID_SIM_401,88,RVHDX0010_ResinCode_SIM,MGFMWH002_MasterbatchCode_SIM,IMLC365M-ADMIL-SIM7,WO_30008972,MC_SIM_042,TypeA_SIM,1804,3,LBLBARCODE_SIM_761287,LBLITEMNUMB_SIM_264,SimLabelName_X,NSN_SIM_293,IMLBARCODE_SIM_4021,N,NATO_SIM_357,JSD_SIM_815
SIM77847-C468M-HDWHIML-A928,1,74001,MaterialID_SIM_548,22,RVHDX0010_ResinCode_SIM,MGFMWH002_MasterbatchCode_SIM,IMLC743M-ADMIL-SIM3,WO_30001797,MC_SIM_042,TypeA_SIM,1560,3,LBLBARCODE_SIM_110686,LBLITEMNUMB_SIM_715,SimLabelName_E,NSN_SIM_266,IMLBARCODE_SIM_4003,B,NATO_SIM_691,JSD_SIM_979
SIM16961-C888M-HDWHIML-A844,4,81279,MaterialID_SIM_689,89,RVHDX0010_ResinCode_SIM,MGFMWH002_MasterbatchCode_SIM,IMLC887M-ADMIL-SIM2,WO_30008774,MC_SIM_042,TypeA_SIM,1451,2,LBLBARCODE_SIM_656613,LBLITEMNUMB_SIM_142,SimLabelName_D,NSN_SIM_904,IMLBARCODE_SIM_7809,N,NATO_SIM_163,JSD_SIM_910
SIM21438-C473M-HDWHIML-A598,4,57263,MaterialID_SIM_595,29,RVHDX0010_ResinCode_SIM,MGFMWH002_MasterbatchCode_SIM,IMLC960M-ADMIL-SIM7,WO_30004268,MC_SIM_042,TypeA_SIM,1089,2,LBLBARCODE_SIM_560308,LBLITEMNUMB_SIM_17,SimLabelName_K,NSN_SIM_599,IMLBARCODE_SIM_2339,B,NATO_SIM_772,JSD_SIM_411
SIM38493-C305M-HDWHIML-A640,2,63923,MaterialID_SIM_684,22,RVHDX0010_ResinCode_SIM,MGFMWH002_MasterbatchCode_SIM,IMLC559M-ADMIL-SIM3,WO_30001655,MC_SIM_042,TypeA_SIM,1805,1,LBLBARCODE_SIM_899321,LBLITEMNUMB_SIM_225,SimLabelName_X,NSN_SIM_833,IMLBARCODE_SIM_2826,N,NATO_SIM_821,JSD_SIM_856
SIM31159-C597M-HDWHIML-A257,2,14483,MaterialID_SIM_231,80,RVHDX0010_ResinCode_SIM,MGFMWH002_MasterbatchCode_SIM,IMLC528M-ADMIL-SIM8,WO_30006926,MC_SIM_042,TypeB_SIM,1422,1,LBLBARCODE_SIM_96121,LBLITEMNUMB_SIM_114,SimLabelName_D,NSN_SIM_185,IMLBARCODE_SIM_3526,T,NATO_SIM_389,JSD_SIM_972
SIM87821-C220M-HDWHIML-A645,4,60883,MaterialID_SIM_193,79,RVHDX0010_ResinCode_SIM,MGFMWH002_MasterbatchCode_SIM,IMLC260M-ADMIL-SIM8,WO_30005394,MC_SIM_042,TypeA_SIM,1566,1,LBLBARCODE_SIM_90330,LBLITEMNUMB_SIM_992,SimLabelName_W,NSN_SIM_858,IMLBARCODE_SIM_3930,T,NATO_SIM_121,JSD_SIM_617
SIM89367-C304M-HDWHIML-A251,2,92292,MaterialID_SIM_785,7,RVHDX0010_ResinCode_SIM,MGFMWH002_MasterbatchCode_SIM,IMLC193M-ADMIL-SIM0,WO_30003967,MC_SIM_042,TypeA_SIM,1295,1,LBLBARCODE_SIM_589283,LBLITEMNUMB_SIM_402,SimLabelName_R,NSN_SIM_75,IMLBARCODE_SIM_4605,B,NATO_SIM_514,JSD_SIM_191
SIM40219-C670M-HDWHIML-A853,5,67421,MaterialID_SIM_297,95,RVHDX0010_ResinCode_SIM,MGFMWH002_MasterbatchCode_SIM,IMLC838M-ADMIL-SIM4,WO_30005056,MC_SIM_042,TypeA_SIM,1205,2,LBLBARCODE_SIM_685650,LBLITEMNUMB_SIM_415,SimLabelName_Y,NSN_SIM_455,IMLBARCODE_SIM_5358,T,NATO_SIM_305,JSD_SIM_684
SIM25-C806M-HDWHIML-A168,3,50821,MaterialID_SIM_558,36,RVHDX0010_ResinCode_SIM,MGFMWH002_MasterbatchCode_SIM,IMLC240M-ADMIL-SIM1,WO_30005605,MC_SIM_042,TypeB_SIM,1354,1,LBLBARCODE_SIM_695948,LBLITEMNUMB_SIM_734,SimLabelName_O,NSN_SIM_315,IMLBARCODE_SIM_7828,B,NATO_SIM_516,JSD_SIM_374
SIM95122-C712M-HDWHIML-A350,1,82428,MaterialID_SIM_269,31,RVHDX0010_ResinCode_SIM,MGFMWH002_MasterbatchCode_SIM,IMLC506M-ADMIL-SIM1,WO_30009950,MC_SIM_042,TypeB_SIM,1815,3,LBLBARCODE_SIM_917095,LBLITEMNUMB_SIM_15,SimLabelName_M,NSN_SIM_349,IMLBARCODE_SIM_3671,N,NATO_SIM_962,JSD_SIM_81
SIM25125-C374M-HDWHIML-A987,2,80280,MaterialID_SIM_583,2,RVHDX0010_ResinCode_SIM,MGFMWH002_MasterbatchCode_SIM,IMLC215M-ADMIL-SIM4,WO_30006709,MC_SIM_042,TypeA_SIM,1388,3,LBLBARCODE_SIM_2634,LBLITEMNUMB_SIM_922,SimLabelName_M,NSN_SIM_449,IMLBARCODE_SIM_1165,B,NATO_SIM_939,JSD_SIM_199
SIM58582-C438M-HDWHIML-A407,1,30029,MaterialID_SIM_926,58,RVHDX0010_ResinCode_SIM,MGFMWH002_MasterbatchCode_SIM,IMLC549M-ADMIL-SIM8,WO_30005672,MC_SIM_042,TypeB_SIM,2142,2,LBLBARCODE_SIM_766080,LBLITEMNUMB_SIM_466,SimLabelName_V,NSN_SIM_261,IMLBARCODE_SIM_9405,B,NATO_SIM_183,JSD_SIM_92
SIM4882-C315M-HDWHIML-A908,5,2290,MaterialID_SIM_517,48,RVHDX0010_ResinCode_SIM,MGFMWH002_MasterbatchCode_SIM,IMLC928M-ADMIL-SIM5,WO_30009071,MC_SIM_042,TypeB_SIM,2079,2,LBLBARCODE_SIM_974792,LBLITEMNUMB_SIM_723,SimLabelName_R,NSN_SIM_446,IMLBARCODE_SIM_6759,T,NATO_SIM_818,JSD_SIM_178
SIM64876-C647M-HDWHIML-A634,1,48333,MaterialID_SIM_561,80,RVHDX0010_ResinCode_SIM,MGFMWH002_MasterbatchCode_SIM,IMLC940M-ADMIL-SIM4,WO_30002829,MC_SIM_042,TypeB_SIM,1681,3,LBLBARCODE_SIM_384790,LBLITEMNUMB_SIM_916,SimLabelName_W,NSN_SIM_138,IMLBARCODE_SIM_1004,N,NATO_SIM_947,JSD_SIM_771
SIM90970-C283M-HDWHIML-A339,4,40631,MaterialID_SIM_975,4,RVHDX0010_ResinCode_SIM,MGFMWH002_MasterbatchCode_SIM,IMLC123M-ADMIL-SIM8,WO_30005593,MC_SIM_042,TypeA_SIM,1565,3,LBLBARCODE_SIM_638972,LBLITEMNUMB_SIM_315,SimLabelName_G,NSN_SIM_332,IMLBARCODE_SIM_4953,B,NATO_SIM_608,JSD_SIM_98
SIM6610-C549M-HDWHIML-A419,1,87618,MaterialID_SIM_614,87,RVHDX0010_ResinCode_SIM,MGFMWH002_MasterbatchCode_SIM,IMLC809M-ADMIL-SIM5,WO_30009046,MC_SIM_042,TypeB_SIM,2363,1,LBLBARCODE_SIM_664406,LBLITEMNUMB_SIM_370,SimLabelName_I,NSN_SIM_776,IMLBARCODE_SIM_9049,N,NATO_SIM_760,JSD_SIM_159
SIM18055-C907M-HDWHIML-A402,2,88437,MaterialID_SIM_702,90,RVHDX0010_ResinCode_SIM,MGFMWH002_MasterbatchCode_SIM,IMLC278M-ADMIL-SIM0,WO_30009032,MC_SIM_042,TypeB_SIM,2295,2,LBLBARCODE_SIM_694004,LBLITEMNUMB_SIM_887,SimLabelName_B,NSN_SIM_614,IMLBARCODE_SIM_3857,N,NATO_SIM_524,JSD_SIM_341
SIM76278-C813M-HDWHIML-A126,3,73268,MaterialID_SIM_480,14,RVHDX0010_ResinCode_SIM,MGFMWH002_MasterbatchCode_SIM,IMLC153M-ADMIL-SIM7,WO_30001043,MC_SIM_042,TypeA_SIM,1652,3,LBLBARCODE_SIM_256766,LBLITEMNUMB_SIM_406,SimLabelName_W,NSN_SIM_346,IMLBARCODE_SIM_8054,B,NATO_SIM_77,JSD_SIM_436
